Token_ID,Address
1,0x68ca5862e86a235b7c89a8c1cbf82bc91e8528b1
2,0xefb6c2746de1d696a210f06abac50cd7c8646766
3,0x335a5bd0de92837f82e4c01476097f473dd3f8ad
4,0x39357d5caa2c8c28cd5eed2ed68c77c4fe87dd13
5,0x78264c592fd583c2e98a298d2b305b414a52ee51
6,0x7dd80eb318f050d2b2fc9654d4de9c1606dacef3
7,0xae0f7b83b6ba27deb02eb922ad3d707793eea841
8,0x39357d5caa2c8c28cd5eed2ed68c77c4fe87dd13
9,0x335a5bd0de92837f82e4c01476097f473dd3f8ad
10,0xa0f936a1ed2c3d90c0dacfa9730eb81f65b61708
11,0xefb6c2746de1d696a210f06abac50cd7c8646766
12,0x00bf11233fb3a0c0593129e815d0511870299bc0
13,0x39357d5caa2c8c28cd5eed2ed68c77c4fe87dd13
14,0x335a5bd0de92837f82e4c01476097f473dd3f8ad
15,0xf168241b91e2a3ad3eb6accbca608f8d42e763bc
16,0xefb6c2746de1d696a210f06abac50cd7c8646766
17,0xfd6463806d0815b311af877db3b5c1569b486999
18,0xb31d200d36a79e90e3a614bce8db89977bd6d05a
19,0xc02e52dc5f89d94f30e1e1333bd35e17f4e423e8
20,0x39357d5caa2c8c28cd5eed2ed68c77c4fe87dd13
21,0x112369d78b45ea092491024438925bb47211906c
22,0x335a5bd0de92837f82e4c01476097f473dd3f8ad
23,0xc744cf8f58db2d7dec3e9251008de7f449e87b8c
24,0xefb6c2746de1d696a210f06abac50cd7c8646766
25,0x019c59207866cfa338545d0cbbe3a4fca5f8b366
26,0x335a5bd0de92837f82e4c01476097f473dd3f8ad
27,0xc42add8541a7111bb53d1d0c7f379a0d981c9a98
28,0x972937ce81a5435f60ede7af8f107826d5811e8c
29,0xcc5dfa206378287aa00c911a938c7a7d0bb22eda
30,0xefb6c2746de1d696a210f06abac50cd7c8646766
31,0x335a5bd0de92837f82e4c01476097f473dd3f8ad
32,0xf7a94f2745d63397388cb7db39d05870f693bc22
33,0x07eaa17a305d6eca9aaf0f9c89f5ae4432b29212
34,0x0644e6d9727d9cd53c60db055c5f0489f2959a08
35,0xefb6c2746de1d696a210f06abac50cd7c8646766
36,0x7a111c46e58436fe29253995ba96c45ebd873489
37,0x335a5bd0de92837f82e4c01476097f473dd3f8ad
38,0xa9f46460f25d163f6cbe2eba9a7e6fb36ac31f83
39,0xefb6c2746de1d696a210f06abac50cd7c8646766
40,0x335a5bd0de92837f82e4c01476097f473dd3f8ad
41,0xf7a94f2745d63397388cb7db39d05870f693bc22
42,0xefb6c2746de1d696a210f06abac50cd7c8646766
43,0x335a5bd0de92837f82e4c01476097f473dd3f8ad
44,0xf7a94f2745d63397388cb7db39d05870f693bc22
45,0xefb6c2746de1d696a210f06abac50cd7c8646766
46,0x335a5bd0de92837f82e4c01476097f473dd3f8ad
47,0x2aafc4b0bb30384031ab8150264349c99d988fad
48,0xefb6c2746de1d696a210f06abac50cd7c8646766
49,0x335a5bd0de92837f82e4c01476097f473dd3f8ad
50,0x335a5bd0de92837f82e4c01476097f473dd3f8ad
51,0x67c26e83a302abd73d94a56cc88df0d7fd69f197
52,0x133aaeba663680fa7332d5603120330cad7962b0
53,0xefb6c2746de1d696a210f06abac50cd7c8646766
54,0x17e12c309d0b4f84a8062a63f46efeae73be8d49
55,0x7e09611bd5097540d69ee7b694de84b2cbd357c0
56,0x8b1dd48344de9922ac1f24b7563fc07ebaa00b20
57,0x333be3261d637c822db11085af4ad9e59aaa2ffa
58,0x72381efce753d4c31c850a050c66acf1e37d8f6d
59,0xefb6c2746de1d696a210f06abac50cd7c8646766
60,0x2544b9ade0a498a7bcbebd864e29878d5dd0f874
61,0xf7a94f2745d63397388cb7db39d05870f693bc22
62,0xefb6c2746de1d696a210f06abac50cd7c8646766
63,0x5e2fa467a5e0ae17456df8831cea3886ea15f21e
64,0x27501ad1b431579203d8f3cb0ef1669d5d6734da
65,0xa7f18b39dbb96cedacc6af6c36c8b05349e3dd49
66,0xf7a94f2745d63397388cb7db39d05870f693bc22
67,0xefb6c2746de1d696a210f06abac50cd7c8646766
68,0xc8d46eb7881975f9ae15216feeba2ff58e55803c
69,0x1fdf397dd1e6596ced2f8e630ce222cba9e5ee1f
70,0x2734c449d1a1778d2d2693b9084b0e1ffc48331c
71,0xd41d0f0ca7a858f604be4e911a84b10a84afa9fd
72,0x60f60e6c05868ce886050002e1c1ce5892b742d6
73,0x2aafc4b0bb30384031ab8150264349c99d988fad
74,0x592c6c12c6cf71722880b9263e93b35ff7952cc2
75,0x1f690bb3cd09f65eed7b5694a5bd02e3b465b707
76,0x2b1c9c1bc62683ca949bfd3c60e5065eb7e5609a
77,0xe361364c3d3f67d0882aadd7576d01c2b5dd48c9
78,0x2734c449d1a1778d2d2693b9084b0e1ffc48331c
79,0x9fc34d7aafa38c58689cca6060c4e178eda4940b
80,0x90ab5c63a60ea5603878336b5ae8afe2221250f4
81,0x817510fa1b3c45e45c6a15bcedd994ca5fdd1f1e
82,0xbea28617cf5757be6cabc36ca9cda266dde9325f
83,0xfcc38eea728a3227dae8762518be50a309c2c567
84,0xfcc38eea728a3227dae8762518be50a309c2c567
85,0x2712cb3dcb25bf63c7d1d7acbd2566a083ceefb9
86,0x2712cb3dcb25bf63c7d1d7acbd2566a083ceefb9
87,0x2712cb3dcb25bf63c7d1d7acbd2566a083ceefb9
88,0x4327aa67d6d9b8fe661e6ee230c3a0b1dc70c1c6
89,0xee54ef2750baaa9d30f15afda5e824248c219dd5
90,0xddae325f3dab3741da3c7827813ff7401e8bc9cc
91,0xddae325f3dab3741da3c7827813ff7401e8bc9cc
92,0x614164a604527229badc5c0e99fe749ae334b991
93,0x2559bdb6346614c08b0b9c8b5225555247fa2050
94,0xddae325f3dab3741da3c7827813ff7401e8bc9cc
95,0xd431862ce3ca190d5046e1cc2910507163d53608
96,0xd431862ce3ca190d5046e1cc2910507163d53608
97,0xd431862ce3ca190d5046e1cc2910507163d53608
98,0xd431862ce3ca190d5046e1cc2910507163d53608
99,0xd455712e43582134f101a0c686d26548b5438a3b
100,0xf3dbf7e86cd914f1d7ed60e7d20d5cd46aad9d56
101,0x9d915278da1017033bf1c5feb48562a0407bfd05
102,0xf3dbf7e86cd914f1d7ed60e7d20d5cd46aad9d56
103,0x9db6f7d5c313b8c8356a46cc045ce896870cf752
104,0xaff283466da0d3d6ee9bac0ef85daf3d6bc3a053
105,0x8044fb9b7eb08de03f5db7b46ba96837b55449ee
106,0xf3dbf7e86cd914f1d7ed60e7d20d5cd46aad9d56
107,0xf3dbf7e86cd914f1d7ed60e7d20d5cd46aad9d56
108,0xddae325f3dab3741da3c7827813ff7401e8bc9cc
109,0xf3dbf7e86cd914f1d7ed60e7d20d5cd46aad9d56
110,0xf3dbf7e86cd914f1d7ed60e7d20d5cd46aad9d56
111,0x0a5d0e6702bff73a2a15c174120d7bf2a7ae93a7
112,0xf3dbf7e86cd914f1d7ed60e7d20d5cd46aad9d56
113,0x8c9897c494deaa0e0b642f33770072ef5bcbf73d
114,0xf3dbf7e86cd914f1d7ed60e7d20d5cd46aad9d56
115,0xf3dbf7e86cd914f1d7ed60e7d20d5cd46aad9d56
116,0x18c6a47aca1c6a237e53ed2fc3a8fb392c97169b
117,0xf6a3a2daa748a44138ba2f448f76a6dac56d0ff0
118,0x473fbea157c320195e19ea6070387abf85f592cc
119,0xc7803b8383b80d08a8a46410119c0031a6cc6f83
120,0xc7803b8383b80d08a8a46410119c0031a6cc6f83
121,0xc7803b8383b80d08a8a46410119c0031a6cc6f83
122,0xc7803b8383b80d08a8a46410119c0031a6cc6f83
123,0xe6e2c6c831a9e6cbae2460ee079475a0bb2c590f
124,0xc7803b8383b80d08a8a46410119c0031a6cc6f83
125,0x25ddd34a80d554d835fda70aaa34e2e63734a4e9
126,0x6a99dadc216a83adb0191c264a1774e82fd31aff
127,0x25ddd34a80d554d835fda70aaa34e2e63734a4e9
128,0x7f5f6db57bcb734135005438bf3af78a6e808a85
129,0x25ddd34a80d554d835fda70aaa34e2e63734a4e9
130,0x49c43d90e7b062f26cb5ce4d923bbf03ee5cbc92
131,0xb0c4cc1aa998df91d2c27ce06641261707a8c9c3
132,0x25ddd34a80d554d835fda70aaa34e2e63734a4e9
133,0x25ddd34a80d554d835fda70aaa34e2e63734a4e9
134,0x25ddd34a80d554d835fda70aaa34e2e63734a4e9
135,0x20be12a62c45311c639b56308c5101e4f5353c4f
136,0x25ddd34a80d554d835fda70aaa34e2e63734a4e9
137,0x25ddd34a80d554d835fda70aaa34e2e63734a4e9
138,0x25ddd34a80d554d835fda70aaa34e2e63734a4e9
139,0xc0855f464261832aa43f1d9d9e1cc2aceef7c54b
140,0x25ddd34a80d554d835fda70aaa34e2e63734a4e9
141,0x25ddd34a80d554d835fda70aaa34e2e63734a4e9
142,0x66aa55538587043e311f224d7340d7242c902f22
143,0x6fb24271f9c83a08784e627836b9ab35ab006c33
144,0x6fb24271f9c83a08784e627836b9ab35ab006c33
145,0x6fb24271f9c83a08784e627836b9ab35ab006c33
146,0x8f0609a2e94527b11f83be89c306455536300c9f
147,0x0e0c8e1eb077d69ef9a743a795e15cbb62fa158d
148,0xe85bff74ad66c55539e2314c90507d2efc2602bb
149,0x1c0cdd6adaa38d3f50b31f72e77be37599b2bbb6
150,0x0e0c8e1eb077d69ef9a743a795e15cbb62fa158d
151,0x0e0c8e1eb077d69ef9a743a795e15cbb62fa158d
152,0x225b7259d53c1f3bb66c52d7cdc3e5658c5b6e4b
153,0x8887236456b4394e5bdd0a1814123507c5032cf8
154,0x0e0c8e1eb077d69ef9a743a795e15cbb62fa158d
155,0xb95c86064abc6df98817252798797967585f2aba
156,0xb95c86064abc6df98817252798797967585f2aba
157,0xb95c86064abc6df98817252798797967585f2aba
158,0xdb6c23b37de17c096b806135e16b4c1ab1b67e43
159,0x7415d29c757a811e26498af6fa9e00330ee09fd8
160,0xb95c86064abc6df98817252798797967585f2aba
161,0xb95c86064abc6df98817252798797967585f2aba
162,0xb95c86064abc6df98817252798797967585f2aba
163,0x9f8e99aec66a3005211305e72b6941ea580bee72
164,0x7eaf0a02a31585876ede2b050918c63ea4e98c3d
165,0xb95c86064abc6df98817252798797967585f2aba
166,0xc8b3c0e904a44d1f200cc9793da3ab2623dd8a90
167,0xb95c86064abc6df98817252798797967585f2aba
168,0xb95c86064abc6df98817252798797967585f2aba
169,0xb95c86064abc6df98817252798797967585f2aba
170,0xb95c86064abc6df98817252798797967585f2aba
171,0xb95c86064abc6df98817252798797967585f2aba
172,0x916a28df3e4178317e03c3963dad23c5ea649584
173,0x2d4b1d3538ab3b3271889f4ed6de49ba13c451cb
174,0x916a28df3e4178317e03c3963dad23c5ea649584
175,0x916a28df3e4178317e03c3963dad23c5ea649584
176,0xd4d91cf5a77c6ccae2a8ea5368721e94965b672e
177,0x916a28df3e4178317e03c3963dad23c5ea649584
178,0x916a28df3e4178317e03c3963dad23c5ea649584
179,0xd9022c9e7e252eac887961f13a8dffb80a839ead
180,0x8f0609a2e94527b11f83be89c306455536300c9f
181,0x35f8b2320b5016156065773498b5be999bc0be4b
182,0x8f0609a2e94527b11f83be89c306455536300c9f
183,0xaedd39820c6ae69ab18ddd6ee3a0dd6ce303f128
184,0x916a28df3e4178317e03c3963dad23c5ea649584
185,0xf09fb7b8795118f5fb74dff64f149ceffd577556
186,0x916a28df3e4178317e03c3963dad23c5ea649584
187,0x916a28df3e4178317e03c3963dad23c5ea649584
188,0x916a28df3e4178317e03c3963dad23c5ea649584
189,0x916a28df3e4178317e03c3963dad23c5ea649584
190,0x916a28df3e4178317e03c3963dad23c5ea649584
191,0x916a28df3e4178317e03c3963dad23c5ea649584
192,0xf9e7f402d19d6154ab0b1d5887da8d1f6f825486
193,0x916a28df3e4178317e03c3963dad23c5ea649584
194,0x916a28df3e4178317e03c3963dad23c5ea649584
195,0x916a28df3e4178317e03c3963dad23c5ea649584
196,0xecb25c2427ea37758954d2f43fb76630612c4aa3
197,0x916a28df3e4178317e03c3963dad23c5ea649584
198,0x13b4d5feedc79181751cf13fe3d1731b451f1604
199,0x13b4d5feedc79181751cf13fe3d1731b451f1604
200,0x13b4d5feedc79181751cf13fe3d1731b451f1604
201,0xeb1fbb2d250d7a20ecd76a33c079d7c0b74f965e
202,0x13b4d5feedc79181751cf13fe3d1731b451f1604
203,0x13b4d5feedc79181751cf13fe3d1731b451f1604
204,0x4327aa67d6d9b8fe661e6ee230c3a0b1dc70c1c6
205,0x97c973c41b74483d32feeb41d73ec1066deb6831
206,0x97c973c41b74483d32feeb41d73ec1066deb6831
207,0x97c973c41b74483d32feeb41d73ec1066deb6831
208,0x9fba0412d1695c15a04622cf4240cf7342a58d94
209,0x9fba0412d1695c15a04622cf4240cf7342a58d94
210,0x9fba0412d1695c15a04622cf4240cf7342a58d94
211,0x9fba0412d1695c15a04622cf4240cf7342a58d94
212,0x6909087e694a492bf3d010dbc065515ef8438057
213,0xc93356bdeaf3cea6284a6cc747fa52dd04afb2a8
214,0x9fba0412d1695c15a04622cf4240cf7342a58d94
215,0x9fba0412d1695c15a04622cf4240cf7342a58d94
216,0xcfca79857c55a3221225fbfa7e4b1fcf0f1b7832
217,0x400b579a4fa28e12036700663d663e5ec9792d16
218,0xcfca79857c55a3221225fbfa7e4b1fcf0f1b7832
219,0xcfca79857c55a3221225fbfa7e4b1fcf0f1b7832
220,0x00ba33baa6fc4c3e8647acc846e5d9da9e276eb2
221,0xcfca79857c55a3221225fbfa7e4b1fcf0f1b7832
222,0xcfca79857c55a3221225fbfa7e4b1fcf0f1b7832
223,0xcfca79857c55a3221225fbfa7e4b1fcf0f1b7832
224,0xcfca79857c55a3221225fbfa7e4b1fcf0f1b7832
225,0xa0e55a0f4b2302686904c1d6dd2fbc0c7463f9a7
226,0xcfca79857c55a3221225fbfa7e4b1fcf0f1b7832
227,0x5e62b6bfe8a65e394ffa1972e76a4f1c75447500
228,0x5e62b6bfe8a65e394ffa1972e76a4f1c75447500
229,0x5e62b6bfe8a65e394ffa1972e76a4f1c75447500
230,0x5e62b6bfe8a65e394ffa1972e76a4f1c75447500
231,0x136f81250c55789cd9fc67d97c272078e35a9e3f
232,0x3defc2236275f5da4579a2d6633cfb3f29595862
233,0xe971e45db57eb8ca8aa2bb2dc6604afd5ea1a1d6
234,0x3defc2236275f5da4579a2d6633cfb3f29595862
235,0xb31d200d36a79e90e3a614bce8db89977bd6d05a
236,0x3defc2236275f5da4579a2d6633cfb3f29595862
237,0x3defc2236275f5da4579a2d6633cfb3f29595862
238,0x3defc2236275f5da4579a2d6633cfb3f29595862
239,0x3defc2236275f5da4579a2d6633cfb3f29595862
240,0x66aa55538587043e311f224d7340d7242c902f22
241,0x3defc2236275f5da4579a2d6633cfb3f29595862
242,0x66aa55538587043e311f224d7340d7242c902f22
243,0x68b3cf88e0a0d852073c1ad8c322e7e7996fcd03
244,0x66aa55538587043e311f224d7340d7242c902f22
245,0x68b3cf88e0a0d852073c1ad8c322e7e7996fcd03
246,0x68b3cf88e0a0d852073c1ad8c322e7e7996fcd03
247,0x68b3cf88e0a0d852073c1ad8c322e7e7996fcd03
248,0x68b3cf88e0a0d852073c1ad8c322e7e7996fcd03
249,0x694e2a22706a6062f916e2dfeb71796475456447
250,0x66aa55538587043e311f224d7340d7242c902f22
251,0x694e2a22706a6062f916e2dfeb71796475456447
252,0x0c770c58b4eba50f174d8dd6ee47ee08944db519
253,0x694e2a22706a6062f916e2dfeb71796475456447
254,0x694e2a22706a6062f916e2dfeb71796475456447
255,0x66aa55538587043e311f224d7340d7242c902f22
256,0x694e2a22706a6062f916e2dfeb71796475456447
257,0xe7ac4e611ee9bf06792f40ec85fdeb0f5fa32bed
258,0x7b6e0e30a74ae38eb3c87413fc3d63ed58b9ad08
259,0x694e2a22706a6062f916e2dfeb71796475456447
260,0x694e2a22706a6062f916e2dfeb71796475456447
261,0x694e2a22706a6062f916e2dfeb71796475456447
262,0x694e2a22706a6062f916e2dfeb71796475456447
263,0x694e2a22706a6062f916e2dfeb71796475456447
264,0xf084b18048f892930640af0e9881afe42c8c2eb1
265,0xc9884724d2c4425020ab74fec5c72dfdf27be8bb
266,0x66aa55538587043e311f224d7340d7242c902f22
267,0xc9884724d2c4425020ab74fec5c72dfdf27be8bb
268,0xc9884724d2c4425020ab74fec5c72dfdf27be8bb
269,0xc9884724d2c4425020ab74fec5c72dfdf27be8bb
270,0xc9884724d2c4425020ab74fec5c72dfdf27be8bb
271,0xc9884724d2c4425020ab74fec5c72dfdf27be8bb
272,0xe8223b4df72d5fa943890c4f7cf27994eebd4291
273,0xd9888653716e4933cba01dddae7c5c3209132758
274,0xd9888653716e4933cba01dddae7c5c3209132758
275,0xd9888653716e4933cba01dddae7c5c3209132758
276,0xd9888653716e4933cba01dddae7c5c3209132758
277,0xebcdff7247c650564ef9d823b6f820adfaef39e8
278,0xebcdff7247c650564ef9d823b6f820adfaef39e8
279,0xebcdff7247c650564ef9d823b6f820adfaef39e8
280,0xebcdff7247c650564ef9d823b6f820adfaef39e8
281,0xebcdff7247c650564ef9d823b6f820adfaef39e8
282,0xebcdff7247c650564ef9d823b6f820adfaef39e8
283,0xebcdff7247c650564ef9d823b6f820adfaef39e8
284,0xacc3a9b5220fe02bf317e809db4b400c810fc56c
285,0xacc3a9b5220fe02bf317e809db4b400c810fc56c
286,0xacc3a9b5220fe02bf317e809db4b400c810fc56c
287,0xacc3a9b5220fe02bf317e809db4b400c810fc56c
288,0xacc3a9b5220fe02bf317e809db4b400c810fc56c
289,0xacc3a9b5220fe02bf317e809db4b400c810fc56c
290,0x67541323d8178571d68bd67ab0f80f5a38529344
291,0xacc3a9b5220fe02bf317e809db4b400c810fc56c
292,0xacc3a9b5220fe02bf317e809db4b400c810fc56c
293,0xacc3a9b5220fe02bf317e809db4b400c810fc56c
294,0x13ebcf55e588867c148724a01939ee92217c2457
295,0xf55b5526dcb92140d0b57afb75a651be2b2b7dec
296,0x1cb0983d6b9d5823dcec00f3a1518dfe61bb6241
297,0x1cb0983d6b9d5823dcec00f3a1518dfe61bb6241
298,0x1cb0983d6b9d5823dcec00f3a1518dfe61bb6241
299,0xc62554ed42ae14cce0be02401fa05e35e2c4ae2d
300,0x1cb0983d6b9d5823dcec00f3a1518dfe61bb6241
301,0x57d4594088be758d0117df0e956630eb60a66415
302,0x4e6858cb146a7ba6b6ec2fb56e61ededb0dad06c
303,0x57d4594088be758d0117df0e956630eb60a66415
304,0x5b134e826e55fabe237df90a4ab02a41ed3b56c4
305,0x5b134e826e55fabe237df90a4ab02a41ed3b56c4
306,0x57d4594088be758d0117df0e956630eb60a66415
307,0x57d4594088be758d0117df0e956630eb60a66415
308,0x57d4594088be758d0117df0e956630eb60a66415
309,0x57d4594088be758d0117df0e956630eb60a66415
310,0x49ca963ef75bceba8e4a5f4ceab5fd326bef6123
311,0x57d4594088be758d0117df0e956630eb60a66415
312,0x79ee63ef13fb001fb3880dcf45cd8d5e393df430
313,0xdfbbe5686d054944a4e64cdd588f5777b56d1b63
314,0x79ee63ef13fb001fb3880dcf45cd8d5e393df430
315,0x79ee63ef13fb001fb3880dcf45cd8d5e393df430
316,0x79ee63ef13fb001fb3880dcf45cd8d5e393df430
317,0x79ee63ef13fb001fb3880dcf45cd8d5e393df430
318,0x742aa51bd4fefabf3dd034a9cdefbd5091edccc4
319,0x742aa51bd4fefabf3dd034a9cdefbd5091edccc4
320,0x742aa51bd4fefabf3dd034a9cdefbd5091edccc4
321,0x742aa51bd4fefabf3dd034a9cdefbd5091edccc4
322,0x742aa51bd4fefabf3dd034a9cdefbd5091edccc4
323,0x742aa51bd4fefabf3dd034a9cdefbd5091edccc4
324,0x742aa51bd4fefabf3dd034a9cdefbd5091edccc4
325,0x742aa51bd4fefabf3dd034a9cdefbd5091edccc4
326,0x742aa51bd4fefabf3dd034a9cdefbd5091edccc4
327,0x742aa51bd4fefabf3dd034a9cdefbd5091edccc4
328,0x742aa51bd4fefabf3dd034a9cdefbd5091edccc4
329,0xf55b5526dcb92140d0b57afb75a651be2b2b7dec
330,0x0eab20168c168d92813aed0f38bb5cee671c8203
331,0x0eab20168c168d92813aed0f38bb5cee671c8203
332,0x0eab20168c168d92813aed0f38bb5cee671c8203
333,0x0eab20168c168d92813aed0f38bb5cee671c8203
334,0x21be73aae58b35c294e314c6bae1767aaf354b0a
335,0x668e961736454a2444adb485340cb7f0844ddd3d
336,0x0eab20168c168d92813aed0f38bb5cee671c8203
337,0x0eab20168c168d92813aed0f38bb5cee671c8203
338,0x0eab20168c168d92813aed0f38bb5cee671c8203
339,0x0eab20168c168d92813aed0f38bb5cee671c8203
340,0x0eab20168c168d92813aed0f38bb5cee671c8203
341,0x0eab20168c168d92813aed0f38bb5cee671c8203
342,0x0eab20168c168d92813aed0f38bb5cee671c8203
343,0x0eab20168c168d92813aed0f38bb5cee671c8203
344,0x4a74264cb4845bdd144e0eeb0cdb90fc9f4da244
345,0x4a74264cb4845bdd144e0eeb0cdb90fc9f4da244
346,0x4a74264cb4845bdd144e0eeb0cdb90fc9f4da244
347,0x4a74264cb4845bdd144e0eeb0cdb90fc9f4da244
348,0x4a74264cb4845bdd144e0eeb0cdb90fc9f4da244
349,0x4a74264cb4845bdd144e0eeb0cdb90fc9f4da244
350,0x4a74264cb4845bdd144e0eeb0cdb90fc9f4da244
351,0x4a74264cb4845bdd144e0eeb0cdb90fc9f4da244
352,0x4a74264cb4845bdd144e0eeb0cdb90fc9f4da244
353,0x4a74264cb4845bdd144e0eeb0cdb90fc9f4da244
354,0x4a74264cb4845bdd144e0eeb0cdb90fc9f4da244
355,0x4a74264cb4845bdd144e0eeb0cdb90fc9f4da244
356,0x4a74264cb4845bdd144e0eeb0cdb90fc9f4da244
357,0xccfe8229d8d1c28d4b2109b3df575e06dc08a82a
358,0xf3dbf7e86cd914f1d7ed60e7d20d5cd46aad9d56
359,0xf3dbf7e86cd914f1d7ed60e7d20d5cd46aad9d56
360,0xf3dbf7e86cd914f1d7ed60e7d20d5cd46aad9d56
361,0xf3dbf7e86cd914f1d7ed60e7d20d5cd46aad9d56
362,0xf3dbf7e86cd914f1d7ed60e7d20d5cd46aad9d56
363,0x391bc0658a39ef40fb1f59e0fca6fe9993b6eddf
364,0xf3dbf7e86cd914f1d7ed60e7d20d5cd46aad9d56
365,0xdd72527cd9265013952ad33825b35ab66e93bf3b
366,0xf3dbf7e86cd914f1d7ed60e7d20d5cd46aad9d56
367,0xf3dbf7e86cd914f1d7ed60e7d20d5cd46aad9d56
368,0x5a0bc3d7b86fb8e19905941e8f0700d70355f311
369,0xc7803b8383b80d08a8a46410119c0031a6cc6f83
370,0x74e4c23018dd1383ccd3ff9f2850881cbef17131
371,0xc7803b8383b80d08a8a46410119c0031a6cc6f83
372,0x8ac7ac7361d7917ddd06a5d763c7f324b7f5e435
373,0xc7803b8383b80d08a8a46410119c0031a6cc6f83
374,0xc7803b8383b80d08a8a46410119c0031a6cc6f83
375,0xc7803b8383b80d08a8a46410119c0031a6cc6f83
376,0xc7803b8383b80d08a8a46410119c0031a6cc6f83
377,0xc7803b8383b80d08a8a46410119c0031a6cc6f83
378,0xc7803b8383b80d08a8a46410119c0031a6cc6f83
379,0xc7803b8383b80d08a8a46410119c0031a6cc6f83
380,0xc7803b8383b80d08a8a46410119c0031a6cc6f83
381,0xc7803b8383b80d08a8a46410119c0031a6cc6f83
382,0xc7803b8383b80d08a8a46410119c0031a6cc6f83
383,0x25ddd34a80d554d835fda70aaa34e2e63734a4e9
384,0x25ddd34a80d554d835fda70aaa34e2e63734a4e9
385,0x25ddd34a80d554d835fda70aaa34e2e63734a4e9
386,0x25ddd34a80d554d835fda70aaa34e2e63734a4e9
387,0x25ddd34a80d554d835fda70aaa34e2e63734a4e9
388,0x25ddd34a80d554d835fda70aaa34e2e63734a4e9
389,0x6fb24271f9c83a08784e627836b9ab35ab006c33
390,0x6fb24271f9c83a08784e627836b9ab35ab006c33
391,0x6fb24271f9c83a08784e627836b9ab35ab006c33
392,0x6fb24271f9c83a08784e627836b9ab35ab006c33
393,0x6fb24271f9c83a08784e627836b9ab35ab006c33
394,0x6fb24271f9c83a08784e627836b9ab35ab006c33
395,0x6fb24271f9c83a08784e627836b9ab35ab006c33
396,0x6fb24271f9c83a08784e627836b9ab35ab006c33
397,0x6fb24271f9c83a08784e627836b9ab35ab006c33
398,0x6fb24271f9c83a08784e627836b9ab35ab006c33
399,0x6fb24271f9c83a08784e627836b9ab35ab006c33
400,0x6fb24271f9c83a08784e627836b9ab35ab006c33
401,0x6fb24271f9c83a08784e627836b9ab35ab006c33
402,0xfa4c82270f0a959a640a299d09d499a98a03b6b3
403,0x6fb24271f9c83a08784e627836b9ab35ab006c33
404,0x0e0c8e1eb077d69ef9a743a795e15cbb62fa158d
405,0x0e0c8e1eb077d69ef9a743a795e15cbb62fa158d
406,0x0e0c8e1eb077d69ef9a743a795e15cbb62fa158d
407,0x0e0c8e1eb077d69ef9a743a795e15cbb62fa158d
408,0x0e0c8e1eb077d69ef9a743a795e15cbb62fa158d
409,0x0e0c8e1eb077d69ef9a743a795e15cbb62fa158d
410,0x0e0c8e1eb077d69ef9a743a795e15cbb62fa158d
411,0x0e0c8e1eb077d69ef9a743a795e15cbb62fa158d
412,0x0e0c8e1eb077d69ef9a743a795e15cbb62fa158d
413,0x0e0c8e1eb077d69ef9a743a795e15cbb62fa158d
414,0x0e0c8e1eb077d69ef9a743a795e15cbb62fa158d
415,0x0e0c8e1eb077d69ef9a743a795e15cbb62fa158d
416,0x0e0c8e1eb077d69ef9a743a795e15cbb62fa158d
417,0xb95c86064abc6df98817252798797967585f2aba
418,0xb95c86064abc6df98817252798797967585f2aba
419,0xb95c86064abc6df98817252798797967585f2aba
420,0xb95c86064abc6df98817252798797967585f2aba
421,0xb95c86064abc6df98817252798797967585f2aba
422,0x916a28df3e4178317e03c3963dad23c5ea649584
423,0x13b4d5feedc79181751cf13fe3d1731b451f1604
424,0x13b4d5feedc79181751cf13fe3d1731b451f1604
425,0x13b4d5feedc79181751cf13fe3d1731b451f1604
426,0x13b4d5feedc79181751cf13fe3d1731b451f1604
427,0x13b4d5feedc79181751cf13fe3d1731b451f1604
428,0x13b4d5feedc79181751cf13fe3d1731b451f1604
429,0x13b4d5feedc79181751cf13fe3d1731b451f1604
430,0x13b4d5feedc79181751cf13fe3d1731b451f1604
431,0x13b4d5feedc79181751cf13fe3d1731b451f1604
432,0x13b4d5feedc79181751cf13fe3d1731b451f1604
433,0x13b4d5feedc79181751cf13fe3d1731b451f1604
434,0x13b4d5feedc79181751cf13fe3d1731b451f1604
435,0x97c973c41b74483d32feeb41d73ec1066deb6831
436,0x97c973c41b74483d32feeb41d73ec1066deb6831
437,0x97c973c41b74483d32feeb41d73ec1066deb6831
438,0x97c973c41b74483d32feeb41d73ec1066deb6831
439,0x97c973c41b74483d32feeb41d73ec1066deb6831
440,0x97c973c41b74483d32feeb41d73ec1066deb6831
441,0x97c973c41b74483d32feeb41d73ec1066deb6831
442,0x97c973c41b74483d32feeb41d73ec1066deb6831
443,0x97c973c41b74483d32feeb41d73ec1066deb6831
444,0x97c973c41b74483d32feeb41d73ec1066deb6831
445,0x97c973c41b74483d32feeb41d73ec1066deb6831
446,0x97c973c41b74483d32feeb41d73ec1066deb6831
447,0x97c973c41b74483d32feeb41d73ec1066deb6831
448,0x3c3ab2ed3a99b3d4ca8dcc6cf20822c341205cbb
449,0x97c973c41b74483d32feeb41d73ec1066deb6831
450,0x9fba0412d1695c15a04622cf4240cf7342a58d94
451,0x9fba0412d1695c15a04622cf4240cf7342a58d94
452,0x9fba0412d1695c15a04622cf4240cf7342a58d94
453,0x9fba0412d1695c15a04622cf4240cf7342a58d94
454,0x9fba0412d1695c15a04622cf4240cf7342a58d94
455,0x9fba0412d1695c15a04622cf4240cf7342a58d94
456,0x9fba0412d1695c15a04622cf4240cf7342a58d94
457,0x9fba0412d1695c15a04622cf4240cf7342a58d94
458,0x9fba0412d1695c15a04622cf4240cf7342a58d94
459,0x9fba0412d1695c15a04622cf4240cf7342a58d94
460,0x9fba0412d1695c15a04622cf4240cf7342a58d94
461,0xcfca79857c55a3221225fbfa7e4b1fcf0f1b7832
462,0xcfca79857c55a3221225fbfa7e4b1fcf0f1b7832
463,0xcfca79857c55a3221225fbfa7e4b1fcf0f1b7832
464,0xcfca79857c55a3221225fbfa7e4b1fcf0f1b7832
465,0xcfca79857c55a3221225fbfa7e4b1fcf0f1b7832
466,0xcfca79857c55a3221225fbfa7e4b1fcf0f1b7832
467,0xcfca79857c55a3221225fbfa7e4b1fcf0f1b7832
468,0xcfca79857c55a3221225fbfa7e4b1fcf0f1b7832
469,0xcfca79857c55a3221225fbfa7e4b1fcf0f1b7832
470,0x5e62b6bfe8a65e394ffa1972e76a4f1c75447500
471,0x5e62b6bfe8a65e394ffa1972e76a4f1c75447500
472,0x5e62b6bfe8a65e394ffa1972e76a4f1c75447500
473,0x5e62b6bfe8a65e394ffa1972e76a4f1c75447500
474,0x5e62b6bfe8a65e394ffa1972e76a4f1c75447500
475,0x5e62b6bfe8a65e394ffa1972e76a4f1c75447500
476,0x5e62b6bfe8a65e394ffa1972e76a4f1c75447500
477,0x5e62b6bfe8a65e394ffa1972e76a4f1c75447500
478,0x5e62b6bfe8a65e394ffa1972e76a4f1c75447500
479,0x5e62b6bfe8a65e394ffa1972e76a4f1c75447500
480,0x5e62b6bfe8a65e394ffa1972e76a4f1c75447500
481,0x5e62b6bfe8a65e394ffa1972e76a4f1c75447500
482,0x5e62b6bfe8a65e394ffa1972e76a4f1c75447500
483,0x3defc2236275f5da4579a2d6633cfb3f29595862
484,0x3defc2236275f5da4579a2d6633cfb3f29595862
485,0x3defc2236275f5da4579a2d6633cfb3f29595862
486,0x3defc2236275f5da4579a2d6633cfb3f29595862
487,0x3defc2236275f5da4579a2d6633cfb3f29595862
488,0x3defc2236275f5da4579a2d6633cfb3f29595862
489,0x3defc2236275f5da4579a2d6633cfb3f29595862
490,0x3defc2236275f5da4579a2d6633cfb3f29595862
491,0x3defc2236275f5da4579a2d6633cfb3f29595862
492,0x3defc2236275f5da4579a2d6633cfb3f29595862
493,0x68b3cf88e0a0d852073c1ad8c322e7e7996fcd03
494,0x68b3cf88e0a0d852073c1ad8c322e7e7996fcd03
495,0x68b3cf88e0a0d852073c1ad8c322e7e7996fcd03
496,0x68b3cf88e0a0d852073c1ad8c322e7e7996fcd03
497,0x68b3cf88e0a0d852073c1ad8c322e7e7996fcd03
498,0x68b3cf88e0a0d852073c1ad8c322e7e7996fcd03
499,0x68b3cf88e0a0d852073c1ad8c322e7e7996fcd03
500,0x68b3cf88e0a0d852073c1ad8c322e7e7996fcd03
501,0x68b3cf88e0a0d852073c1ad8c322e7e7996fcd03
502,0x68b3cf88e0a0d852073c1ad8c322e7e7996fcd03
503,0x68b3cf88e0a0d852073c1ad8c322e7e7996fcd03
504,0x68b3cf88e0a0d852073c1ad8c322e7e7996fcd03
505,0x87add8d1b9c51f48999ea310dab4ae40d7bf0d74
506,0x694e2a22706a6062f916e2dfeb71796475456447
507,0x694e2a22706a6062f916e2dfeb71796475456447
508,0x694e2a22706a6062f916e2dfeb71796475456447
509,0x694e2a22706a6062f916e2dfeb71796475456447
510,0x694e2a22706a6062f916e2dfeb71796475456447
511,0x694e2a22706a6062f916e2dfeb71796475456447
512,0x694e2a22706a6062f916e2dfeb71796475456447
513,0xc9884724d2c4425020ab74fec5c72dfdf27be8bb
514,0xc9884724d2c4425020ab74fec5c72dfdf27be8bb
515,0xc9884724d2c4425020ab74fec5c72dfdf27be8bb
516,0xc9884724d2c4425020ab74fec5c72dfdf27be8bb
517,0xc9884724d2c4425020ab74fec5c72dfdf27be8bb
518,0xc9884724d2c4425020ab74fec5c72dfdf27be8bb
519,0xc9884724d2c4425020ab74fec5c72dfdf27be8bb
520,0xc9884724d2c4425020ab74fec5c72dfdf27be8bb
521,0xc9884724d2c4425020ab74fec5c72dfdf27be8bb
522,0xc9884724d2c4425020ab74fec5c72dfdf27be8bb
523,0xc9884724d2c4425020ab74fec5c72dfdf27be8bb
524,0xd9888653716e4933cba01dddae7c5c3209132758
525,0xd9888653716e4933cba01dddae7c5c3209132758
526,0xc37506bf10d70ecdd8c6e2917bf4a07670c48ae3
527,0x4a74264cb4845bdd144e0eeb0cdb90fc9f4da244
528,0x4a74264cb4845bdd144e0eeb0cdb90fc9f4da244
529,0x4a74264cb4845bdd144e0eeb0cdb90fc9f4da244
530,0x4a74264cb4845bdd144e0eeb0cdb90fc9f4da244
531,0x4a74264cb4845bdd144e0eeb0cdb90fc9f4da244
532,0x4a74264cb4845bdd144e0eeb0cdb90fc9f4da244
533,0x4a74264cb4845bdd144e0eeb0cdb90fc9f4da244
534,0x4a74264cb4845bdd144e0eeb0cdb90fc9f4da244
535,0x0eab20168c168d92813aed0f38bb5cee671c8203
536,0x0eab20168c168d92813aed0f38bb5cee671c8203
537,0x0eab20168c168d92813aed0f38bb5cee671c8203
538,0x0eab20168c168d92813aed0f38bb5cee671c8203
539,0x742aa51bd4fefabf3dd034a9cdefbd5091edccc4
540,0x742aa51bd4fefabf3dd034a9cdefbd5091edccc4
541,0x742aa51bd4fefabf3dd034a9cdefbd5091edccc4
542,0x0eab20168c168d92813aed0f38bb5cee671c8203
543,0x0eab20168c168d92813aed0f38bb5cee671c8203
544,0x742aa51bd4fefabf3dd034a9cdefbd5091edccc4
545,0x742aa51bd4fefabf3dd034a9cdefbd5091edccc4
546,0x742aa51bd4fefabf3dd034a9cdefbd5091edccc4
547,0x0eab20168c168d92813aed0f38bb5cee671c8203
548,0x66aa55538587043e311f224d7340d7242c902f22
549,0x0eab20168c168d92813aed0f38bb5cee671c8203
550,0x0eab20168c168d92813aed0f38bb5cee671c8203
551,0x0eab20168c168d92813aed0f38bb5cee671c8203
552,0xd9888653716e4933cba01dddae7c5c3209132758
553,0xd9888653716e4933cba01dddae7c5c3209132758
554,0xd9888653716e4933cba01dddae7c5c3209132758
555,0xd9888653716e4933cba01dddae7c5c3209132758
556,0x0eab20168c168d92813aed0f38bb5cee671c8203
557,0x0eab20168c168d92813aed0f38bb5cee671c8203
558,0x0eab20168c168d92813aed0f38bb5cee671c8203
559,0x4a74264cb4845bdd144e0eeb0cdb90fc9f4da244
560,0x4a74264cb4845bdd144e0eeb0cdb90fc9f4da244
561,0x4a74264cb4845bdd144e0eeb0cdb90fc9f4da244
562,0xd9888653716e4933cba01dddae7c5c3209132758
563,0xd9888653716e4933cba01dddae7c5c3209132758
564,0x4a74264cb4845bdd144e0eeb0cdb90fc9f4da244
565,0x4a74264cb4845bdd144e0eeb0cdb90fc9f4da244
566,0x79ee63ef13fb001fb3880dcf45cd8d5e393df430
567,0x79ee63ef13fb001fb3880dcf45cd8d5e393df430
568,0x79ee63ef13fb001fb3880dcf45cd8d5e393df430
569,0xd9888653716e4933cba01dddae7c5c3209132758
570,0xd9888653716e4933cba01dddae7c5c3209132758
571,0xd9888653716e4933cba01dddae7c5c3209132758
572,0xd9888653716e4933cba01dddae7c5c3209132758
573,0xd9888653716e4933cba01dddae7c5c3209132758
574,0x57d4594088be758d0117df0e956630eb60a66415
575,0x57d4594088be758d0117df0e956630eb60a66415
576,0x57d4594088be758d0117df0e956630eb60a66415
577,0x79ee63ef13fb001fb3880dcf45cd8d5e393df430
578,0x79ee63ef13fb001fb3880dcf45cd8d5e393df430
579,0x79ee63ef13fb001fb3880dcf45cd8d5e393df430
580,0x79ee63ef13fb001fb3880dcf45cd8d5e393df430
581,0x79ee63ef13fb001fb3880dcf45cd8d5e393df430
582,0x1cb0983d6b9d5823dcec00f3a1518dfe61bb6241
583,0x74a56bbbb36105b0e447fe42eea2c57497f01486
584,0x1cb0983d6b9d5823dcec00f3a1518dfe61bb6241
585,0x1cb0983d6b9d5823dcec00f3a1518dfe61bb6241
586,0x79ee63ef13fb001fb3880dcf45cd8d5e393df430
587,0x79ee63ef13fb001fb3880dcf45cd8d5e393df430
588,0x79ee63ef13fb001fb3880dcf45cd8d5e393df430
589,0x14b30b46ec4fa1a993806bd5dda4195c5a82353e
590,0x79ee63ef13fb001fb3880dcf45cd8d5e393df430
591,0x1cb0983d6b9d5823dcec00f3a1518dfe61bb6241
592,0xebcdff7247c650564ef9d823b6f820adfaef39e8
593,0x1cb0983d6b9d5823dcec00f3a1518dfe61bb6241
594,0xebcdff7247c650564ef9d823b6f820adfaef39e8
595,0x1cb0983d6b9d5823dcec00f3a1518dfe61bb6241
596,0x1cb0983d6b9d5823dcec00f3a1518dfe61bb6241
597,0x1cb0983d6b9d5823dcec00f3a1518dfe61bb6241
598,0x1cb0983d6b9d5823dcec00f3a1518dfe61bb6241
599,0x1cb0983d6b9d5823dcec00f3a1518dfe61bb6241
600,0xebcdff7247c650564ef9d823b6f820adfaef39e8
601,0xebcdff7247c650564ef9d823b6f820adfaef39e8
602,0xebcdff7247c650564ef9d823b6f820adfaef39e8
603,0xebcdff7247c650564ef9d823b6f820adfaef39e8
604,0xebcdff7247c650564ef9d823b6f820adfaef39e8
605,0xebcdff7247c650564ef9d823b6f820adfaef39e8
606,0xec6e6c6445ea502f1ec9c9e4dfa93e6dbf91c77d
607,0x1cb0983d6b9d5823dcec00f3a1518dfe61bb6241
608,0x1cb0983d6b9d5823dcec00f3a1518dfe61bb6241
609,0x1cb0983d6b9d5823dcec00f3a1518dfe61bb6241
610,0xebcdff7247c650564ef9d823b6f820adfaef39e8
611,0xebcdff7247c650564ef9d823b6f820adfaef39e8
612,0xacc3a9b5220fe02bf317e809db4b400c810fc56c
613,0x57d4594088be758d0117df0e956630eb60a66415
614,0x57d4594088be758d0117df0e956630eb60a66415
615,0xacc3a9b5220fe02bf317e809db4b400c810fc56c
616,0xacc3a9b5220fe02bf317e809db4b400c810fc56c
617,0x57d4594088be758d0117df0e956630eb60a66415
618,0x57d4594088be758d0117df0e956630eb60a66415
619,0x57d4594088be758d0117df0e956630eb60a66415
620,0x57d4594088be758d0117df0e956630eb60a66415
621,0x57d4594088be758d0117df0e956630eb60a66415
622,0xacc3a9b5220fe02bf317e809db4b400c810fc56c
623,0xacc3a9b5220fe02bf317e809db4b400c810fc56c
624,0x0971e22065cc1d6878cda05c5c99081655f7bf3f
625,0x5ef16358218fe1866f3622cc3279bfb9dcc63d61
626,0x011c5fdc967fa1a6a15a8e75ee71791eea6585c8
627,0x011c5fdc967fa1a6a15a8e75ee71791eea6585c8
628,0xc3aeb1bb1c5ef4466725934ddb814a56b7b8330d
629,0xc3aeb1bb1c5ef4466725934ddb814a56b7b8330d
630,0xc3aeb1bb1c5ef4466725934ddb814a56b7b8330d
631,0xc3aeb1bb1c5ef4466725934ddb814a56b7b8330d
632,0xc3aeb1bb1c5ef4466725934ddb814a56b7b8330d
633,0xc3aeb1bb1c5ef4466725934ddb814a56b7b8330d
634,0xc3aeb1bb1c5ef4466725934ddb814a56b7b8330d
635,0xc3aeb1bb1c5ef4466725934ddb814a56b7b8330d
636,0xc3aeb1bb1c5ef4466725934ddb814a56b7b8330d
637,0xc3aeb1bb1c5ef4466725934ddb814a56b7b8330d
638,0xc3aeb1bb1c5ef4466725934ddb814a56b7b8330d
639,0xc3aeb1bb1c5ef4466725934ddb814a56b7b8330d
640,0xc3aeb1bb1c5ef4466725934ddb814a56b7b8330d
641,0xc3aeb1bb1c5ef4466725934ddb814a56b7b8330d
642,0xc3aeb1bb1c5ef4466725934ddb814a56b7b8330d
643,0x66aa55538587043e311f224d7340d7242c902f22
644,0x66aa55538587043e311f224d7340d7242c902f22
645,0x66aa55538587043e311f224d7340d7242c902f22
646,0x869db51af371fd5765544708ecac3a548583f0e7
647,0x0beb1d2c11ae49a1da6a6f00bb14a463e1104cbe
648,0x445db5381717729180e98c2fcd293e2b63a9fdc2
649,0xb1cb39ee16392e351ca70dff6f7a779e60e421d4
650,0x4c1533cd6a635cac9a64cc1c3cf6d26593f71c0f
651,0x1be1329bfcd8bc85b424fa9af7392e5defbdb2ed
652,0xa7c7d4a49c3e4e5f783c56a95fb3d9600965e991
653,0xb7162897b1c4c0cd2c31720e4a7df1aca7fdcc21
654,0xb7162897b1c4c0cd2c31720e4a7df1aca7fdcc21
655,0x36e54b5cd1b7ee9eee83fac537ec389759dcb61a
656,0xdbe9a3735686c19652c58015b1b183a3272091ff
657,0xc3aeb1bb1c5ef4466725934ddb814a56b7b8330d
658,0xc3aeb1bb1c5ef4466725934ddb814a56b7b8330d
659,0xc3aeb1bb1c5ef4466725934ddb814a56b7b8330d
660,0xc3aeb1bb1c5ef4466725934ddb814a56b7b8330d
661,0xc3aeb1bb1c5ef4466725934ddb814a56b7b8330d
662,0xc3aeb1bb1c5ef4466725934ddb814a56b7b8330d
663,0xc3aeb1bb1c5ef4466725934ddb814a56b7b8330d
664,0xc3aeb1bb1c5ef4466725934ddb814a56b7b8330d
665,0xc3aeb1bb1c5ef4466725934ddb814a56b7b8330d
666,0xc3aeb1bb1c5ef4466725934ddb814a56b7b8330d
667,0x896f4c3876f036829008c19d8d5fe97cc0b8c749
668,0xc56692f70e1197bac2ec91068f633d05a98ed605
669,0x6d744e0de863877c2c538f824e30d238cd8a1378
670,0x6d744e0de863877c2c538f824e30d238cd8a1378
671,0xe72949c3640bfd72e6b57a3487355214a6e93471
672,0x0d1024c7fcd5badd00588fb5253db439135418bc
673,0x603621f2a95508f73919b50b9e2972c86ef1fbf8
674,0x603621f2a95508f73919b50b9e2972c86ef1fbf8
675,0xccdc1c54eaf28f6b673d374fcc038bd197c7d070
676,0xccdc1c54eaf28f6b673d374fcc038bd197c7d070
677,0xccdc1c54eaf28f6b673d374fcc038bd197c7d070
678,0xccdc1c54eaf28f6b673d374fcc038bd197c7d070
679,0xccdc1c54eaf28f6b673d374fcc038bd197c7d070
680,0xccdc1c54eaf28f6b673d374fcc038bd197c7d070
681,0xccdc1c54eaf28f6b673d374fcc038bd197c7d070
682,0xccdc1c54eaf28f6b673d374fcc038bd197c7d070
683,0xccdc1c54eaf28f6b673d374fcc038bd197c7d070
684,0xccdc1c54eaf28f6b673d374fcc038bd197c7d070
685,0xccdc1c54eaf28f6b673d374fcc038bd197c7d070
686,0xccdc1c54eaf28f6b673d374fcc038bd197c7d070
687,0xccdc1c54eaf28f6b673d374fcc038bd197c7d070
688,0xccdc1c54eaf28f6b673d374fcc038bd197c7d070
689,0xccdc1c54eaf28f6b673d374fcc038bd197c7d070
690,0xccdc1c54eaf28f6b673d374fcc038bd197c7d070
691,0xccdc1c54eaf28f6b673d374fcc038bd197c7d070
692,0xccdc1c54eaf28f6b673d374fcc038bd197c7d070
693,0xccdc1c54eaf28f6b673d374fcc038bd197c7d070
694,0xccdc1c54eaf28f6b673d374fcc038bd197c7d070
695,0xccdc1c54eaf28f6b673d374fcc038bd197c7d070
696,0xccdc1c54eaf28f6b673d374fcc038bd197c7d070
697,0xccdc1c54eaf28f6b673d374fcc038bd197c7d070
698,0xccdc1c54eaf28f6b673d374fcc038bd197c7d070
699,0xccdc1c54eaf28f6b673d374fcc038bd197c7d070
700,0xccdc1c54eaf28f6b673d374fcc038bd197c7d070
701,0xccdc1c54eaf28f6b673d374fcc038bd197c7d070
702,0xccdc1c54eaf28f6b673d374fcc038bd197c7d070
703,0xccdc1c54eaf28f6b673d374fcc038bd197c7d070
704,0xccdc1c54eaf28f6b673d374fcc038bd197c7d070
705,0xccdc1c54eaf28f6b673d374fcc038bd197c7d070
706,0xccdc1c54eaf28f6b673d374fcc038bd197c7d070
707,0xccdc1c54eaf28f6b673d374fcc038bd197c7d070
708,0xccdc1c54eaf28f6b673d374fcc038bd197c7d070
709,0xccdc1c54eaf28f6b673d374fcc038bd197c7d070
710,0xccdc1c54eaf28f6b673d374fcc038bd197c7d070
711,0x21f516a7b6bc1a91d5609fb810f9e05fef970d9b
712,0x21f516a7b6bc1a91d5609fb810f9e05fef970d9b
713,0x21f516a7b6bc1a91d5609fb810f9e05fef970d9b
714,0x21f516a7b6bc1a91d5609fb810f9e05fef970d9b
715,0x21f516a7b6bc1a91d5609fb810f9e05fef970d9b
716,0x21f516a7b6bc1a91d5609fb810f9e05fef970d9b
717,0x21f516a7b6bc1a91d5609fb810f9e05fef970d9b
718,0xf1075f1dde4703f5ad14730996b25fa06de83677
719,0xf1075f1dde4703f5ad14730996b25fa06de83677
720,0xf1075f1dde4703f5ad14730996b25fa06de83677
721,0x42f7c5275ac4372156027d939843c9c42523df2e
722,0xf1075f1dde4703f5ad14730996b25fa06de83677
723,0xf1075f1dde4703f5ad14730996b25fa06de83677
724,0xf1075f1dde4703f5ad14730996b25fa06de83677
725,0xf1075f1dde4703f5ad14730996b25fa06de83677
726,0xf1075f1dde4703f5ad14730996b25fa06de83677
727,0xf1075f1dde4703f5ad14730996b25fa06de83677
728,0xf1075f1dde4703f5ad14730996b25fa06de83677
729,0xf1075f1dde4703f5ad14730996b25fa06de83677
730,0xf1075f1dde4703f5ad14730996b25fa06de83677
731,0xde63be3dc248755aba10cf5bdc2d1d1621bc63e6
732,0xde63be3dc248755aba10cf5bdc2d1d1621bc63e6
733,0xde63be3dc248755aba10cf5bdc2d1d1621bc63e6
734,0xde63be3dc248755aba10cf5bdc2d1d1621bc63e6
735,0xde63be3dc248755aba10cf5bdc2d1d1621bc63e6
736,0xde63be3dc248755aba10cf5bdc2d1d1621bc63e6
737,0xde63be3dc248755aba10cf5bdc2d1d1621bc63e6
738,0xde63be3dc248755aba10cf5bdc2d1d1621bc63e6
739,0xde63be3dc248755aba10cf5bdc2d1d1621bc63e6
740,0xde63be3dc248755aba10cf5bdc2d1d1621bc63e6
741,0xde63be3dc248755aba10cf5bdc2d1d1621bc63e6
742,0xde63be3dc248755aba10cf5bdc2d1d1621bc63e6
743,0xde63be3dc248755aba10cf5bdc2d1d1621bc63e6
744,0xde63be3dc248755aba10cf5bdc2d1d1621bc63e6
745,0xde63be3dc248755aba10cf5bdc2d1d1621bc63e6
746,0x21f516a7b6bc1a91d5609fb810f9e05fef970d9b
747,0x21f516a7b6bc1a91d5609fb810f9e05fef970d9b
748,0x21f516a7b6bc1a91d5609fb810f9e05fef970d9b
749,0x21f516a7b6bc1a91d5609fb810f9e05fef970d9b
750,0x21f516a7b6bc1a91d5609fb810f9e05fef970d9b
751,0x21f516a7b6bc1a91d5609fb810f9e05fef970d9b
752,0x11e42e1310eda72042c4b2cb2e6967b914616d7a
753,0xc790a370af5490024e5287f04a8a10794191c6ef
754,0xc790a370af5490024e5287f04a8a10794191c6ef
755,0xc790a370af5490024e5287f04a8a10794191c6ef
756,0xc790a370af5490024e5287f04a8a10794191c6ef
757,0x1971108f5544f9b89b545aec4528585b4ef19e58
758,0x1971108f5544f9b89b545aec4528585b4ef19e58
759,0x463181829eaa1b103b57c82895af6a6fc729f81a
760,0x97b90fbc8904f861f76cb06bfa0a465b72c5e662
761,0x97b90fbc8904f861f76cb06bfa0a465b72c5e662
762,0x876b55fbb0cde1c13dd63a0e1f58f170313d2cf2
763,0xf55042e5ebf6c229ade2bf30461cdbf60b7c0a41
764,0xeae89e8ced8ee71b064c3601e19e253605b988fe
765,0xb440d55d052e42e69784b5a6ba250dd15b6afacb
766,0x1b2f066126475d61bb7a24261ac30eab00d84c40
767,0x259ae15e3b07e051ddef0b76d06f136e0bc24aad
768,0xdb3f35dcd64ee4b9ad2e257b443b400892370355
769,0x0b4a36c668d25574f9e257db4098560139b62e68
770,0x1e545bbb0cc33163fed5339f7a72167b53eda13a
771,0x781e65fa8c4e1110c45f1cbddc8efbebc89c33ad
772,0x5be3b2b2b29f0d95646260fc7980e07444007e2c
773,0x068a32d3ebb7481ecbc226fc6d3b1fff25f9e825
774,0xfb652a024060e50eb8cb631b0e9031251a45aa5f
775,0x4b9a166b94037947cd44baf6d993be0eb1240447
776,0x4b9a166b94037947cd44baf6d993be0eb1240447
777,0xac3e015877f661a9f75391b14e0107b5d995ee38
778,0x03403c0fdc5c8cd9445f48ace29221cb2960f169
779,0xce96f1636348ea85059c2ecba8b828e6374154ef
780,0xcc7a666c5441d3d229312de68c040d5cdebe0ae6
781,0x734dfdf8b3ef5f068c0b8766a3fabaccdb9f9c28
782,0x5c6305f89f7d308ce0161aa520775621f347d238
783,0x251764ce2619b69c6784f853e1b58601c6dc7afc
784,0x54ccbb5c380f2543bf210bebb0784878784868f7
785,0xe94eaac83b2e37d9f68447dd2615e718f71b4b2c
786,0xe94eaac83b2e37d9f68447dd2615e718f71b4b2c
787,0xe94eaac83b2e37d9f68447dd2615e718f71b4b2c
788,0xf7595b72e67264fdc8c5b12d67cdf9bf0cdb4716
789,0x953c2a2e5ad30fc271b977ab68b4ce87c992b14b
790,0xc670fa789aacc494e303e8b1b83fe755a693588d
791,0x18c552c0abf29bc7d0dbb9664d090ccbcf940c1c
792,0xc74d6197ff30a3aedf0a565b82c95dcef7ada98f
793,0xd89f6a18c36ceb90267cbd307d8c87b2476b01f5
794,0x69d35a760ee88242a3a9e97fd85c8bb272d0e7e2
795,0xa5f4fde5aa9febeb566ad57d08f1169ae54ad5e0
796,0x8dd988e0df6030e28be38cad90e346c422f36a2c
797,0xe312e532be2a669e58c84f6b6b92fa7198f3da24
798,0xc06ada526fc0632501678ad3792dd5aa3ab099a0
799,0xbeb08de7778139fa4e0f1f2b8b0da88d997a1636
800,0x7ce7fcdb7db5822a8a7ade13674a4dd3042c8f35
801,0x6cd5fa7a48ba7e980b62ec27eacfdbf92009ebc8
802,0xe2d943ef15c445fc35dff511af7d8bb00a761c25
803,0x66aa55538587043e311f224d7340d7242c902f22
804,0x66aa55538587043e311f224d7340d7242c902f22
805,0x66aa55538587043e311f224d7340d7242c902f22
806,0x66aa55538587043e311f224d7340d7242c902f22
807,0x994b2b32530c95cd4bdac0ec0e0b41b187385b94
808,0x235f060f930144f47285a5f98e0ff09fc267bd12
809,0x235f060f930144f47285a5f98e0ff09fc267bd12
810,0x07b748c36d9e00fe149adce33c07736c3b349d79
811,0x1724587ca51042aea7c2488db83bd89c018f1c4c
812,0x82cbbff9372f45464e0717a0bdd360bba456c240
813,0x46a20d31fb68626fde838829a455d31468367855
814,0x589ae11e0ed07dfb917b1c336e83e01aff7f9b6c
815,0x6b094051454a0d2be021d972a1eb3a95952badd0
816,0x472fb52013dbaa45374296cbf03c2bbf950606a7
817,0xc06ada526fc0632501678ad3792dd5aa3ab099a0
818,0x5f2503f657371b05181bece5952474114029a5e0
819,0xa2a5965d39bb4b90d47f67579526570b5b55c749
820,0x9835c9145fda295758cf8775c6612f142485bec8
821,0xa03685c6be1bbcd9ab9eef09b457de4e2e7c3074
822,0x6e78b0772217e7e55f4acff0b1fbef58ef67a7e4
823,0xc9fe2d0c9c90ad3c90cc267c7d1da44bb4e4a4ff
824,0x2bc7dc13db7fb77e373c8e534cc348ce729d9a6d
825,0x737d7879a072fd2cb2826bf78439cbd4864fa7d8
826,0x217cc6677842ced779099618b40ead371e9c380f
827,0x1e7f4ba9ecc1f74467851da248693bd0f66b657a
828,0x9835c9145fda295758cf8775c6612f142485bec8
9001,0x3c2b5589394e25548639bf87b60c867cd00dd4c5